<?xml version="1.0" encoding="utf-8" standalone="no" ?>
<!-- 
	Usage:

	To localize the description, use the following format for the description element.
	<description>
	<text xml:lang="en">English App description goes here</text>
	<text xml:lang="fr">French App description goes here</text>
	<text xml:lang="ja">Japanese App description goes here</text>
	</description>

	To localize the name, use the following format for the name element.
	<name>
	<text xml:lang="en">English App name goes here</text>
	<text xml:lang="fr">French App name goes here</text>
	<text xml:lang="ja">Japanese App name goes here</text>
	</name>
-->
<application xmlns="http://ns.adobe.com/air/application/13.0">
  <id>so.cuo.BaiduDemo</id>
  <versionNumber>1.0.0</versionNumber>
  <versionLabel></versionLabel>
  <filename>BaiduDemo</filename>
  <description/>
  <name>BaiduDemo</name>
  <copyright/>
  <initialWindow>
    <content>BaiduDemo.swf</content>
    <systemChrome>standard</systemChrome>
    <transparent>false</transparent>
    <visible>true</visible>
    <fullScreen>false</fullScreen>
    <aspectRatio>portrait</aspectRatio>
    <renderMode>cpu</renderMode>
    <autoOrients>false</autoOrients></initialWindow>
  <icon/>
  <customUpdateUI>false</customUpdateUI>
  <allowBrowserInvocation>false</allowBrowserInvocation>
  
  <android>
        <manifestAdditions><![CDATA[
		<manifest android:installLocation="auto">
			    <uses-permission android:name="android.permission.INTERNET"/>
			    <uses-permission android:name="android.permission.WRITE_EXTERNAL_STORAGE"/>
			    <uses-permission android:name="android.permission.READ_PHONE_STATE"/>
			    <uses-permission android:name="android.permission.ACCESS_NETWORK_STATE"/>
			    <uses-permission android:name="android.permission.ACCESS_WIFI_STATE"/>
			    <uses-permission android:name="android.permission.ACCESS_COARSE_LOCATION"/>
			    <application>
			  	 <activity android:name="com.baidu.mobads.AppActivity" android:configChanges="keyboard|keyboardHidden|orientation"/> 
				</application>
			</manifest>
		]]></manifestAdditions>
    </android>
    <iPhone>
        <InfoAdditions><![CDATA[
			<key>UIDeviceFamily</key>
			<array>
				<string>1</string>
				<string>2</string>
			</array>
		]]></InfoAdditions>
        <requestedDisplayResolution>high</requestedDisplayResolution>
    </iPhone>
  
  
  
  <extensions>
    <extensionID>so.cuo.platform.baidu</extensionID>
  </extensions>
</application>
